keyword,count
Node.js,22927
Golang,22425
游戏策划,20829
PHP,20389
硬件测试,20333
Hadoop,20147
软件测试,19848
U3D,19711
C#,19689
.NET,19515
网络安全,18251
数据挖掘,17958
UE4,17915
自然语言处理,17751
运维工程师,17688
Java,17488
数据分析师,17151
C++,17133
Docker,17117
深度学习,16898
Python,16788
性能测试,15560
机器学习,15513
游戏场景,15036
后端开发,14957
算法工程师,14923
UI设计,14265
前端开发,13328
Linux,11733
爬虫,10822
数据架构师,10698
移动产品设计,10184
全栈开发,9717
游戏特效,7498
GIS工程师,6897
全栈工程师,6778
前端开发工程师,6747
区块链工程师,6686
语音视频图形开发,6675
iOS,4710
Android,4264
网页产品设计,3806
Cocos,3604
数据仓库,3448
数据采集,2909
测试开发,2878
功能测试,2518
测试工程师,2429
自动化测试,2216
数据开发,2070
大模型算法,2008
ETL工程师,1829
游戏测试,1710
技术美术,690
JavaScript,584
